frame,capture_ms,vision_ms
1,0.000,292.824
2,11.702,35.236
3,11.624,35.354
4,11.555,36.482
5,11.263,35.473
6,11.331,35.512
7,11.718,37.609
8,11.461,36.556
9,11.408,35.577
10,11.249,35.629
11,11.310,35.902
12,11.260,37.031
13,11.309,35.888
14,11.475,35.545
15,11.352,35.546
16,11.358,35.940
17,11.491,35.728
18,11.499,36.007
19,11.460,35.884
20,11.597,35.851
21,11.386,35.769
22,11.516,36.255
23,11.605,35.643
24,11.456,36.097
25,11.706,36.417
26,11.612,35.615
27,11.878,35.747
28,11.587,35.405
29,11.443,35.378
30,11.535,35.574
31,11.776,34.432
32,11.545,33.716
33,11.608,34.131
34,11.611,33.606
35,11.668,33.769
36,11.486,33.640
37,11.393,33.614
38,11.550,33.753
39,11.650,33.717
40,11.581,33.617
41,11.399,33.557
42,11.582,33.669
43,11.395,33.958
44,12.032,34.845
45,11.393,33.726
46,11.839,33.599
47,11.587,33.543
48,11.477,37.417
49,11.462,33.612
50,11.525,33.568
51,11.356,34.683
52,11.547,33.592
53,11.551,33.777
54,11.846,39.609
55,11.639,37.250
56,11.392,33.654
57,11.588,33.623
58,11.786,33.719
59,11.930,33.688
60,11.637,35.222
61,11.655,297.050
62,11.838,34.467
63,11.695,34.469
64,11.630,34.644
65,11.632,42.058
66,12.282,34.522
67,11.618,34.726
68,11.640,34.587
69,11.958,43.861
70,11.805,34.647
71,11.684,34.526
72,11.638,34.613
73,12.222,34.572
74,11.543,34.500
75,11.574,34.415
76,11.742,34.317
77,11.517,34.734
78,12.667,34.729
79,12.027,34.437
80,11.586,34.400
81,11.093,34.406
82,10.990,34.391
83,10.910,34.119
84,11.102,34.359
85,10.997,34.244
86,10.930,34.276
87,11.007,34.302
88,11.362,34.252
89,11.150,34.011
90,10.998,34.092
91,10.873,34.174
92,10.883,34.099
93,11.168,34.141
94,11.193,34.132
95,11.116,34.114
96,10.955,34.162
97,10.854,34.059
98,11.120,34.123
99,11.247,34.168
100,11.315,34.206
101,11.297,34.157
102,11.170,34.450
103,11.061,34.692
104,11.276,34.689
105,11.319,33.977
106,11.189,34.289
107,11.179,34.353
108,11.228,34.091
109,11.586,34.350
110,11.102,34.271
111,11.168,34.192
112,11.689,34.712
113,11.525,37.096
114,11.466,34.384
115,11.476,148.497
116,11.100,156.149
117,11.087,34.081
118,11.314,37.053
119,11.688,34.456
120,11.295,34.391
121,11.378,280.176
122,11.221,34.199
123,11.320,40.022
124,12.544,34.362
125,11.476,34.321
126,11.438,34.316
127,11.388,34.191
128,12.069,34.349
129,11.204,33.946
130,11.245,34.045
131,12.176,34.776
132,11.489,34.164
133,11.583,34.525
134,11.774,34.176
135,11.494,34.206
136,11.509,34.543
137,11.471,34.109
138,11.562,34.332
139,11.690,34.156
140,11.476,34.170
141,11.903,34.636
142,11.844,34.210
143,11.620,34.209
144,11.656,34.083
145,11.645,34.338
146,11.399,34.324
147,11.469,34.031
148,11.269,33.946
149,11.526,34.006
150,11.312,34.110
151,15.303,34.323
152,11.350,34.575
153,11.351,34.278
154,12.344,34.119
155,11.352,33.926
156,11.451,34.022
157,11.655,34.081
158,11.764,37.642
159,12.436,34.071
160,11.470,34.073
161,11.247,33.894
162,10.834,33.853
163,11.000,33.871
164,10.836,33.908
165,10.960,33.982
166,10.906,33.902
167,10.872,33.828
168,10.991,34.355
169,10.835,33.884
170,10.923,33.983
171,11.025,34.266
172,11.837,34.014
173,11.334,34.394
174,11.017,34.468
175,10.881,34.221
176,10.799,35.550
177,11.027,34.148
178,11.246,34.119
179,11.047,33.868
180,11.418,33.910
181,11.184,305.753
182,10.992,33.956
183,11.123,33.975
184,11.127,34.020
185,11.285,33.784
186,11.040,33.782
187,11.355,33.986
188,11.261,34.009
189,11.151,34.064
190,11.119,40.277
191,11.707,34.606
192,11.319,34.090
193,11.414,35.326
194,11.077,34.564
195,11.121,33.882
196,11.145,34.310
197,11.366,34.110
198,11.120,33.826
199,12.833,34.731
200,11.221,33.888
201,10.848,33.935
202,11.086,34.089
203,11.052,34.050
204,11.272,34.019
205,11.000,33.820
206,11.056,33.776
207,11.085,33.879
208,10.982,34.398
209,12.213,34.345
210,11.031,34.103
211,11.053,33.880
212,11.045,34.248
213,11.335,34.488
214,11.158,34.031
215,11.086,33.861
216,10.967,34.393
217,11.639,33.667
218,11.151,33.865
219,11.286,33.835
220,11.182,33.818
221,10.942,34.022
222,11.093,33.838
223,11.329,34.334
224,11.433,34.067
225,11.603,34.354
226,11.357,34.216
227,11.061,145.499
228,10.989,144.395
229,11.197,33.827
230,11.233,33.898
231,11.070,34.870
232,11.413,33.592
233,11.269,34.323
234,13.220,34.392
235,11.450,34.114
236,11.353,34.137
237,11.439,34.180
238,11.603,34.116
239,11.432,34.382
240,11.329,34.697
241,11.026,304.252
242,11.140,34.009
243,11.085,33.960
244,11.512,35.163
245,11.076,34.201
246,11.212,34.123
247,11.236,34.263
248,11.442,33.990
249,11.350,34.331
250,11.178,34.231
251,11.402,34.111
252,11.372,34.519
253,11.327,34.296
254,11.434,34.175
255,11.867,34.194
256,11.130,33.897
257,11.253,33.823
258,11.771,33.966
259,11.105,33.935
260,11.164,34.011
261,11.235,34.267
262,11.305,34.415
263,11.473,34.197
264,11.328,33.998
265,11.313,34.127
266,12.148,34.136
267,11.202,34.024
268,11.409,33.993
269,11.741,34.709
270,11.380,33.988
271,11.418,40.239
272,11.898,34.358
273,10.608,34.856
274,10.700,33.371
275,11.892,33.864
276,10.713,33.551
277,10.758,33.600
278,10.686,33.598
279,10.912,38.101
280,10.828,33.807
281,10.970,33.781
282,10.743,33.590
283,10.729,33.741
284,10.660,33.361
285,10.802,34.172
286,10.655,33.566
287,10.795,33.734
288,10.973,33.487
289,10.814,38.065
290,11.297,33.566
291,10.790,33.754
292,10.665,33.766
293,10.984,33.801
294,10.445,33.963
295,10.098,33.867
296,9.048,33.983
297,7.117,34.707
298,6.300,173.099
299,6.586,167.772
300,6.443,172.829
301,10.730,295.082
302,6.440,167.350
303,6.539,167.801
304,6.526,168.539
305,6.492,165.417
306,6.533,165.987
307,6.449,160.757
308,6.359,160.026
309,6.373,183.427
310,6.405,162.904
311,6.535,162.458
312,6.397,161.611
313,6.406,161.167
314,7.281,31.793
315,11.086,35.343
316,11.192,34.871
317,11.077,34.396
318,11.230,34.298
319,11.662,34.927
320,11.233,34.203
321,11.080,34.339
322,11.534,34.019
323,11.043,34.222
324,10.981,34.042
325,10.960,34.151
326,10.982,39.491
327,10.954,34.031
328,11.030,34.254
329,15.675,35.258
330,10.977,33.867
331,10.941,35.409
332,10.989,33.869
333,10.979,33.925
334,11.030,33.965
335,10.880,33.900
336,11.288,33.994
337,11.025,39.935
338,11.152,33.848
339,11.007,33.990
340,10.911,33.881
341,11.233,33.887
342,10.961,33.848
343,11.335,34.386
344,10.964,33.994
345,10.994,33.880
346,11.521,37.289
347,13.065,37.727
348,10.964,33.945
349,10.913,34.163
350,10.914,34.690
351,10.872,34.510
352,11.011,34.422
353,10.889,34.074
354,10.825,35.313
355,10.832,34.291
356,10.949,34.259
357,10.937,34.293
358,11.033,34.386
359,11.002,34.525
360,10.974,34.817
361,11.002,297.931
362,10.952,34.208
363,11.374,34.585
364,10.813,34.194
365,10.979,34.975
366,10.882,34.229
367,10.910,33.977
368,10.913,34.623
369,11.709,34.254
370,10.948,34.259
371,10.869,35.346
372,10.915,34.144
373,10.917,34.374
374,10.809,34.092
375,11.189,34.242
376,11.189,34.160
377,11.181,38.226
378,10.919,34.727
379,10.845,34.475
380,10.935,34.434
381,10.849,34.272
382,11.055,34.369
383,10.840,34.377
384,10.871,34.112
385,10.910,34.663
386,10.858,34.256
387,11.087,34.587
388,11.012,34.059
389,10.969,34.409
390,11.018,34.110
391,11.057,34.620
392,11.043,33.898
393,11.045,34.100
394,10.992,36.035
395,10.934,34.130
396,11.059,34.235
397,10.992,34.638
398,11.098,34.597
399,11.549,34.841
400,11.543,34.693
401,11.220,34.263
402,11.037,34.062
403,10.729,34.728
404,10.897,38.760
405,11.431,34.758
406,10.903,34.477
407,10.883,34.889
408,10.867,34.942
409,10.906,34.616
410,10.899,34.422
411,10.971,34.967
412,11.188,34.736
413,11.278,34.411
414,11.617,37.489
415,11.215,33.947
416,11.739,34.639
417,11.062,34.905
418,10.983,34.621
419,11.011,34.958
420,11.011,35.065
421,11.197,294.059
422,10.912,34.174
423,11.128,34.114
424,11.432,33.880
425,11.074,33.830
426,11.198,33.509
427,11.094,33.956
428,11.390,33.939
429,11.128,33.378
430,11.304,33.841
431,11.110,33.610
432,11.232,33.436
433,11.166,33.392
434,11.252,35.288
435,11.146,33.285
436,12.845,34.077
437,11.203,33.325
438,11.095,33.394
439,11.016,148.703
440,10.854,148.527
441,11.100,148.549
442,11.000,33.753
443,10.936,149.208
444,11.119,33.892
445,10.982,33.555
446,11.012,152.650
447,10.931,147.445
448,10.996,148.827
449,10.926,151.862
450,10.943,33.573
451,11.045,33.519
452,11.277,33.702
453,11.368,33.791
454,11.388,33.587
455,11.269,33.297
456,10.845,33.746
457,10.592,33.709
458,9.360,33.469
459,7.283,33.745
460,6.361,162.747
461,10.562,173.510
462,6.334,175.689
463,6.450,161.514
464,6.414,163.268
465,6.394,164.546
466,6.549,163.130
467,6.400,164.659
468,6.460,167.165
469,6.433,164.110
470,6.269,164.613
471,6.618,173.076
472,6.512,164.348
473,6.437,158.908
474,6.361,160.730
475,6.450,159.063
476,6.391,160.875
477,6.436,163.078
478,6.686,159.940
479,6.586,159.112
480,6.402,159.726
481,6.357,287.411
482,6.318,163.896
483,6.286,166.183
484,6.393,159.024
485,6.293,161.490
486,6.423,160.480
487,6.426,161.175
488,6.268,161.649
489,6.327,161.531
490,7.123,31.896
491,7.098,31.916
492,10.491,34.991
493,10.944,35.202
494,11.210,35.392
495,11.260,35.870
496,11.439,34.142
497,11.462,34.045
498,11.273,34.053
499,11.376,34.476
500,11.410,34.100
501,11.504,34.148
502,11.311,34.167
503,11.396,34.200
504,11.274,34.279
505,11.352,34.097
506,11.234,33.997
507,11.254,34.102
508,11.216,35.277
509,11.409,34.665
510,11.248,33.973
511,11.498,34.094
512,11.225,33.943
513,11.582,33.953
514,11.238,34.087
515,11.279,34.287
516,13.394,37.230
517,12.049,35.282
518,13.025,38.549
519,11.363,34.121
520,11.331,35.458
521,11.239,37.062
522,11.271,33.984
523,11.423,34.182
524,11.833,34.608
525,11.390,34.104
526,12.218,34.727
527,11.332,34.064
528,11.468,34.056
529,11.309,34.451
530,11.447,34.926
531,16.364,36.536
532,11.172,45.656
533,11.445,34.148
534,11.411,37.011
535,11.408,43.189
536,11.359,34.858
537,11.504,35.785
538,12.688,37.252
539,11.424,36.464
540,11.373,34.208
541,11.637,299.036
542,12.049,34.421
543,11.709,34.339
544,11.811,34.471
545,11.396,34.759
546,11.369,35.158
547,11.396,34.471
548,11.522,34.769
549,11.642,35.149
550,11.336,34.606
551,17.739,47.734
552,11.571,34.254
553,11.369,34.708
554,11.479,34.777
555,11.965,34.954
556,11.516,34.947
557,11.567,34.959
558,11.464,34.330
559,11.399,34.186
560,11.322,34.663
561,10.697,34.611
562,10.762,34.249
563,10.879,34.106
564,10.690,33.961
565,10.682,34.342
566,10.809,34.278
567,10.788,34.088
568,11.125,34.137
569,10.879,34.244
570,10.851,35.500
571,10.938,34.130
572,10.905,33.875
573,10.937,34.354
574,11.450,34.550
575,10.852,34.582
576,15.168,34.543
577,10.865,34.337
578,10.859,34.185
579,10.886,34.018
580,11.314,34.021
581,10.674,34.134
582,11.026,34.568
583,10.863,34.358
584,10.993,34.906
585,10.896,34.232
586,10.849,34.774
587,11.039,34.788
588,10.966,34.265
589,11.024,34.232
590,10.909,34.922
591,10.997,34.323
592,10.868,40.706
593,14.947,36.449
594,10.908,34.115
595,11.008,34.601
596,10.919,34.197
597,11.059,34.330
598,11.169,34.505
599,11.003,34.544
600,10.990,34.120
601,11.109,278.253
602,11.516,34.564
603,10.908,34.176
604,11.028,36.041
605,10.979,34.114
606,10.899,33.927
607,11.001,34.202
608,11.016,34.491
609,11.557,33.997
610,11.091,34.605
611,10.966,35.008
612,11.101,37.164
613,11.292,34.353
614,11.069,34.113
615,11.050,34.167
616,11.245,35.062
617,11.260,34.200
618,11.252,34.223
619,11.006,34.467
620,11.082,34.522
621,11.193,34.572
622,12.166,36.017
623,11.284,34.305
624,10.906,34.430
625,11.177,34.718
626,11.010,34.061
627,11.060,34.161
628,11.595,34.424
629,18.636,46.092
630,11.129,39.249
631,11.245,34.258
632,10.928,34.252
633,11.101,34.181
634,11.006,34.449
635,11.069,34.707
636,11.087,34.226
637,11.066,36.309
638,12.653,34.472
639,11.245,34.695
640,11.261,34.307
641,10.687,34.838
642,10.608,34.145
643,10.660,33.957
644,10.870,34.205
645,10.644,34.003
646,10.733,34.115
647,11.184,35.430
648,10.738,34.096
649,10.690,35.087
650,10.816,33.901
651,10.540,33.765
652,10.557,34.090
653,10.604,33.798
654,10.500,33.806
655,10.955,34.078
656,10.771,34.045
657,10.808,34.417
658,11.005,34.488
659,10.806,34.157
660,10.811,33.917
661,11.048,331.980
662,11.048,33.956
663,10.819,33.795
664,10.820,33.606
665,10.753,33.983
666,10.959,33.793
667,10.737,34.676
668,10.961,34.237
669,11.788,40.197
670,11.092,34.271
671,11.031,34.685
672,11.215,34.482
673,11.324,34.726
674,11.724,34.078
675,11.530,34.497
676,11.361,34.135
677,11.436,35.270
678,11.332,35.677
679,11.546,35.284
680,11.445,34.760
681,11.444,36.235
682,11.380,35.271
683,11.465,35.244
684,11.445,35.835
685,11.421,35.792
686,11.415,35.603
687,11.480,35.760
688,11.383,35.304
689,11.752,35.457
690,11.435,35.449
691,11.640,35.498
692,11.486,35.689
693,11.677,35.770
694,12.120,35.891
695,11.536,36.673
696,11.631,36.303
697,11.884,40.229
698,11.720,36.435
699,11.562,36.012
700,11.612,36.087
701,11.566,36.209
702,11.567,36.040
703,11.630,36.450
704,11.962,36.911
705,11.987,36.015
706,11.738,36.289
707,11.726,36.884
708,11.795,36.261
709,11.716,36.441
710,11.671,36.430
711,11.527,36.270
712,11.724,36.573
713,18.103,42.539
714,11.812,36.461
715,11.798,36.461
716,11.866,36.379
717,11.896,36.608
718,11.878,37.024
719,11.894,36.822
720,12.704,43.049
721,11.374,297.994
722,11.318,36.321
723,11.276,36.287
724,11.377,36.826
725,11.522,36.900
726,11.511,36.389
727,11.408,36.371
728,11.706,36.275
729,11.400,36.422
730,11.533,36.804
731,11.999,36.485
732,11.408,37.462
733,11.421,36.861
734,11.385,36.873
735,11.574,36.683
736,11.914,36.720
737,11.485,36.664
738,11.582,36.134
739,11.418,36.480
740,11.750,37.318
741,11.245,36.980
742,12.200,36.585
743,11.392,36.608
744,11.523,36.227
745,11.348,36.150
746,11.282,36.426
747,11.435,36.167
748,11.499,36.796
749,11.551,36.691
750,11.457,36.788
751,11.399,37.074
752,11.126,37.026
753,11.145,36.160
754,11.293,36.013
755,11.717,36.873
756,11.363,36.593
757,11.317,36.672
758,16.438,36.886
759,11.442,36.481
760,11.520,36.531
761,11.438,36.357
762,11.351,36.235
763,11.580,36.583
764,11.295,36.229
765,11.376,36.417
766,11.219,36.672
767,11.446,36.723
768,11.232,36.398
769,11.393,36.307
770,11.337,36.415
771,11.273,36.201
772,11.399,35.935
773,11.288,37.437
774,11.472,36.172
775,11.452,36.024
776,11.211,35.963
777,11.326,35.806
778,11.330,35.874
779,11.484,36.168
780,11.329,35.881
781,11.192,289.671
782,11.185,35.659
783,11.253,35.748
784,10.970,36.000
785,11.199,36.164
786,11.118,38.160
787,11.172,36.145
788,11.241,36.541
789,11.108,36.746
790,12.392,37.206
791,11.318,37.178
792,11.544,36.433
793,11.293,36.794
794,11.220,36.551
795,11.327,36.667
796,11.346,36.421
797,11.812,36.616
798,12.261,38.298
799,11.338,36.637
800,11.405,36.821
801,11.219,36.796
802,11.331,36.291
803,11.279,36.402
804,11.181,36.079
805,11.057,36.048
806,11.425,36.335
807,12.558,41.023
808,11.316,36.244
809,11.053,36.043
810,11.123,36.185
811,11.072,35.938
812,11.109,35.899
813,11.486,36.482
814,11.062,37.657
815,11.212,36.043
816,11.067,35.947
817,11.054,35.878
818,11.207,36.054
819,11.037,35.950
820,11.081,36.248
821,11.132,35.791
822,11.168,35.869
823,11.018,36.249
824,11.073,36.387
825,11.176,35.803
826,11.049,35.798
827,11.135,36.470
828,11.181,35.772
829,11.140,36.076
830,11.219,35.816
831,11.088,36.239
832,11.144,35.983
833,11.216,36.094
834,11.150,37.023
835,11.227,36.343
836,11.155,35.935
837,11.192,36.391
838,11.277,35.801
839,11.142,35.789
840,11.252,36.136
841,11.445,173.060
842,11.397,36.416
843,11.341,36.279
844,11.107,36.610
845,11.232,36.316
846,11.073,36.181
847,11.295,36.048
848,11.194,36.853
849,11.227,36.541
850,11.302,36.487
851,11.117,36.305
852,11.207,36.718
853,11.206,36.272
854,11.259,37.635
855,11.471,36.561
856,11.338,36.501
857,11.467,35.961
858,11.333,35.777
859,11.135,35.847
860,11.177,35.698
861,11.194,35.823
862,11.291,36.892
863,11.093,35.617
864,11.215,36.095
865,11.171,35.988
866,16.128,36.223
867,11.266,36.419
868,11.237,36.235
869,11.360,36.729
870,11.180,36.470
871,11.303,35.798
872,11.111,35.989
873,11.191,36.163
874,11.096,35.871
875,11.091,42.857
876,11.820,36.890
877,11.159,35.774
878,11.465,35.679
879,11.246,35.648
880,11.172,34.977
881,10.952,35.182
882,10.981,34.692
883,10.899,36.371
884,11.181,35.956
885,10.933,35.564
886,11.097,35.922
887,11.099,35.608
888,11.001,35.426
889,10.997,35.464
890,11.037,35.513
891,10.958,35.197
892,10.835,35.306
893,13.999,38.770
894,10.928,35.374
895,11.141,35.457
896,11.191,35.603
897,10.957,35.248
898,11.063,36.449
899,11.069,35.856
900,10.918,35.675
901,11.460,303.090
902,11.199,35.644
903,11.066,35.899
904,11.191,35.590
905,11.036,35.249
906,14.489,39.352
907,11.083,35.257
908,11.242,35.293
909,10.914,35.305
910,10.998,35.491
911,11.003,35.364
912,10.977,35.587
913,11.103,35.555
914,10.977,35.695
915,11.133,35.709
916,11.338,37.486
917,11.153,35.796
918,11.149,35.700
919,11.200,35.870
920,11.241,35.715
921,11.321,35.563
922,10.873,35.564
923,11.381,35.588
924,11.185,35.874
925,11.146,36.195
926,11.044,35.491
927,11.095,35.558
928,10.958,35.312
929,11.053,35.593
930,10.952,35.146
931,10.796,35.187
932,10.857,34.908
933,10.935,34.938
934,11.002,41.822
935,10.787,34.918
936,10.780,34.730
937,10.810,35.344
938,11.010,35.632
939,10.867,35.794
940,10.790,34.851
941,10.669,35.052
942,10.811,35.021
943,10.587,34.468
944,10.573,34.726
945,10.524,34.571
946,10.615,34.810
947,10.671,34.979
948,10.598,34.849
949,10.830,35.098
950,10.691,34.977
951,10.771,35.356
952,11.142,35.386
953,10.915,34.984
954,10.971,35.334
955,11.107,35.439
956,10.937,35.550
957,11.125,35.621
958,11.241,35.569
959,11.403,35.861
960,11.122,36.263
961,11.289,302.138
962,11.249,36.080
963,11.345,36.810
964,11.570,36.775
965,11.617,39.209
966,11.438,37.232
967,11.659,37.256
968,12.025,37.512
969,11.382,36.874
970,11.726,36.829
971,11.358,36.883
972,11.379,37.022
973,10.949,37.120
974,10.604,36.617
975,10.696,36.211
976,10.751,35.953
977,10.659,36.067
978,10.828,36.196
979,11.142,36.175
980,11.059,36.268
981,10.852,35.883
982,10.943,35.694
983,10.831,35.775
984,12.113,36.034
985,10.836,35.214
986,10.840,35.332
987,10.912,35.538
988,11.149,35.627
989,11.130,35.845
990,11.058,35.989
991,11.156,35.985
992,11.306,36.185
993,11.122,38.439
994,11.188,36.518
995,11.249,36.241
996,11.274,36.797
997,11.340,36.221
998,11.128,36.256
999,11.374,36.536
1000,11.470,36.075
1001,11.439,36.275
1002,11.549,37.233
1003,11.335,36.393
1004,11.248,36.215
1005,11.346,36.261
1006,11.224,36.145
1007,11.119,36.684
1008,11.192,35.995
1009,11.436,36.735
1010,11.804,36.249
1011,11.250,36.114
1012,11.256,36.308
1013,11.169,35.731
1014,11.292,35.904
1015,11.007,36.118
1016,11.092,35.633
1017,11.101,36.025
1018,11.166,35.295
1019,16.639,35.922
1020,10.913,35.427
1021,10.991,300.764
1022,11.162,35.836
1023,11.220,38.621
1024,11.137,35.599
1025,11.116,35.346
1026,11.006,35.479
1027,10.958,35.418
1028,12.351,39.819
1029,10.963,35.065
1030,10.902,35.472
1031,11.002,35.510
1032,10.966,35.040
1033,11.077,37.817
1034,11.179,35.643
1035,11.290,35.639
1036,11.338,36.020
1037,11.207,35.501
1038,11.260,36.929
1039,11.135,35.726
1040,11.114,35.238
1041,10.760,35.389
1042,11.328,35.535
1043,10.809,35.287
1044,10.866,35.857
1045,10.958,35.840
1046,11.539,36.978
1047,11.248,35.690
1048,10.879,35.813
1049,11.026,35.628
1050,11.210,36.304
1051,11.073,36.080
1052,11.150,35.943
1053,11.128,35.933
1054,11.057,35.842
1055,11.046,35.661
1056,11.186,35.611
1057,10.859,35.233
1058,10.888,35.396
1059,11.051,35.593
1060,11.170,35.775
1061,11.686,35.792
1062,11.157,35.255
1063,11.211,35.650
1064,11.214,35.717
1065,11.991,36.493
1066,10.910,35.349
1067,10.907,35.378
1068,10.965,37.894
1069,10.992,35.632
1070,11.149,35.521
1071,11.226,36.228
1072,11.114,36.337
1073,10.955,36.028
1074,11.136,35.915
1075,11.278,35.672
1076,11.396,35.546
1077,11.024,36.008
1078,11.153,35.562
1079,11.186,36.162
1080,11.007,35.311
1081,10.880,307.924
1082,10.945,35.530
1083,11.171,35.937
1084,11.188,35.791
1085,11.119,35.757
1086,10.975,35.643
1087,11.050,35.582
1088,11.258,35.797
1089,10.972,35.265
1090,10.931,35.443
1091,11.003,37.015
1092,11.093,36.168
1093,11.039,35.950
1094,10.928,35.488
1095,10.939,35.739
1096,10.971,35.678
1097,10.962,35.499
1098,10.905,35.930
1099,10.820,35.485
1100,10.829,35.407
1101,11.123,36.173
1102,10.812,35.589
1103,10.791,35.399
1104,11.321,36.111
1105,10.992,35.781
1106,10.911,36.726
1107,10.990,35.772
1108,11.061,35.803
1109,11.060,36.207
1110,10.988,36.216
1111,11.080,35.605
1112,10.733,35.846
1113,10.827,35.639
1114,10.813,35.360
1115,10.726,35.117
1116,10.955,35.585
1117,11.047,35.460
1118,11.050,35.192
1119,16.138,36.167
1120,11.459,35.495
1121,10.629,39.128
1122,18.526,35.654
1123,10.775,35.557
1124,10.811,35.159
1125,10.723,35.389
1126,10.838,35.636
1127,10.770,35.368
1128,10.743,36.479
1129,10.802,35.122
1130,10.911,35.100
1131,10.836,35.257
1132,10.811,35.075
1133,10.929,34.965
1134,10.721,34.990
1135,10.716,35.077
1136,11.664,41.548
1137,10.884,35.184
1138,10.807,35.026
1139,11.008,34.905
1140,10.745,34.778
1141,10.736,321.354
1142,11.005,35.453
1143,10.881,35.341
1144,11.047,35.740
1145,11.179,37.436
1146,10.930,35.444
1147,10.819,35.167
1148,11.099,35.106
1149,10.743,35.395
1150,10.952,36.185
1151,10.922,35.410
1152,10.918,35.358
1153,10.799,35.583
1154,11.107,35.196
1155,10.882,35.573
1156,10.853,35.016
1157,10.976,35.342
1158,11.028,35.185
1159,10.896,36.199
1160,10.921,35.684
1161,10.933,35.568
1162,10.945,35.631
1163,10.861,35.339
1164,10.842,35.278
1165,10.981,35.248
1166,10.829,35.448
1167,11.009,35.122
1168,11.065,37.911
1169,11.087,35.405
1170,10.840,35.593
1171,11.194,35.252
1172,11.116,35.444
1173,10.972,35.353
1174,11.184,35.323
1175,11.062,35.441
1176,10.910,35.724
1177,10.935,35.335
1178,10.857,34.771
1179,10.902,34.761
1180,10.960,35.125
1181,11.015,34.964
1182,10.995,35.298
1183,10.981,34.867
1184,10.785,34.563
1185,11.246,34.634
1186,10.985,34.570
1187,10.896,34.718
1188,10.901,34.802
1189,10.857,35.066
1190,11.118,34.746
1191,10.854,34.415
1192,10.851,34.711
1193,10.918,35.099
1194,11.017,35.445
1195,11.005,36.209
1196,10.885,36.458
1197,12.813,35.054
1198,11.017,34.802
1199,12.369,37.808
1200,10.968,35.935
1201,10.919,336.637
1202,11.001,35.185
1203,10.862,35.721
1204,11.094,42.441
1205,11.265,35.431
1206,11.243,48.392
1207,11.031,35.636
1208,11.054,44.826
1209,11.111,35.658
1210,11.169,35.620
1211,11.277,39.716
1212,11.351,36.028
1213,11.227,36.923
1214,11.198,35.652
1215,11.325,35.700
1216,11.945,37.133
1217,11.151,36.127
1218,11.182,36.238
1219,11.297,36.029
1220,11.736,36.910
1221,11.387,36.000
1222,11.385,36.101
1223,11.502,35.713
1224,11.351,36.124
1225,11.391,36.904
1226,11.500,37.093
1227,11.295,36.690
1228,11.246,36.703
1229,11.206,35.720
1230,11.473,36.778
1231,11.334,35.586
1232,11.196,36.122
1233,11.465,35.778
1234,11.285,35.328
1235,11.253,34.871
1236,11.028,34.745
1237,10.709,34.900
1238,10.790,35.024
1239,10.861,34.442
1240,11.492,36.588
1241,10.892,34.432
1242,11.185,35.210
1243,10.823,35.225
1244,10.826,34.559
1245,10.966,34.780
1246,10.967,34.744
1247,10.896,34.812
1248,11.025,35.874
1249,19.346,37.678
1250,11.190,35.498
1251,11.366,36.471
1252,10.938,35.200
1253,10.953,35.451
1254,10.886,52.228
1255,12.081,43.034
1256,11.078,39.021
1257,11.711,35.350
1258,10.991,35.418
1259,10.676,35.276
1260,10.400,35.150
1261,10.309,581.802
1262,13.614,43.995
1263,16.290,51.297
1264,12.713,34.554
1265,13.259,34.634
1266,10.486,43.242
1267,10.623,34.380
1268,10.567,35.323
1269,11.786,39.985
1270,10.676,34.107
1271,11.032,34.393
1272,11.865,34.918
1273,10.808,34.057
1274,10.628,33.773
1275,10.667,34.017
1276,10.531,33.851
1277,10.616,33.885
1278,10.511,34.146
1279,10.792,35.096
1280,12.565,35.200
1281,10.998,40.554
1282,10.628,34.428
1283,12.319,35.354
1284,10.573,34.289
1285,11.186,35.285
1286,10.806,34.848
1287,10.910,34.621
1288,10.773,34.259
1289,10.745,34.395
1290,10.660,34.385
1291,10.695,39.894
1292,11.267,35.264
1293,10.893,35.163
1294,10.978,35.181
1295,11.445,35.256
1296,10.934,35.000
1297,11.243,35.362
1298,12.183,35.218
1299,11.470,35.305
1300,11.017,35.056
1301,10.989,35.283
1302,11.251,35.253
1303,10.864,34.926
1304,11.097,35.209
1305,11.257,35.404
1306,11.159,37.038
1307,12.835,37.888
1308,10.878,35.220
1309,11.076,34.897
1310,11.052,35.030
1311,11.093,35.072
1312,11.151,35.098
1313,11.066,35.457
1314,10.993,35.302
1315,10.967,34.934
1316,11.018,34.992
1317,11.094,35.025
1318,11.027,35.444
1319,11.122,35.019
1320,11.085,34.877
1321,11.028,289.581
1322,11.035,35.340
1323,11.127,35.100
1324,11.074,34.953
1325,11.387,34.776
1326,11.549,40.712
1327,10.753,34.531
1328,10.788,34.685
1329,10.770,34.667
1330,10.970,36.488
1331,10.965,35.050
1332,12.647,37.461
1333,10.969,34.781
1334,15.328,38.912
1335,11.128,34.860
1336,11.284,35.134
1337,11.311,35.064
1338,11.142,35.159
1339,11.217,48.424
1340,11.005,34.800
1341,10.937,36.117
1342,11.141,34.478
1343,10.862,34.889
1344,11.101,34.335
1345,10.896,44.025
1346,10.904,35.081
1347,11.038,34.478
1348,10.842,34.454
1349,10.870,34.610
1350,10.779,35.637
1351,11.047,40.487
1352,11.068,34.723
1353,11.145,43.568
1354,11.212,34.735
1355,11.041,34.390
1356,10.954,34.799
1357,10.902,34.558
1358,10.885,35.877
1359,11.081,34.901
1360,10.954,34.536
1361,10.824,34.681
1362,10.681,34.540
1363,10.882,35.417
1364,11.872,43.327
1365,11.123,35.190
1366,10.811,34.941
1367,10.812,35.041
1368,10.899,34.743
1369,10.896,35.553
1370,10.944,35.408
1371,11.022,34.495
1372,10.926,35.910
1373,11.130,36.776
1374,10.973,34.276
1375,10.768,34.542
1376,10.831,34.669
1377,10.903,36.006
1378,11.085,35.415
1379,10.968,35.427
1380,11.008,34.827
1381,11.064,726.003
1382,11.100,34.769
1383,11.379,35.480
1384,10.905,34.735
1385,11.005,34.685
1386,11.237,35.106
1387,10.888,34.473
1388,10.921,34.955
1389,10.836,34.462
1390,11.013,34.828
1391,10.881,39.212
1392,10.843,35.090
1393,10.947,34.659
1394,10.977,34.835
1395,10.994,34.762
1396,11.011,34.877
1397,10.853,34.745
1398,10.824,34.562
1399,10.943,34.696
1400,10.960,42.730
1401,10.688,35.455
1402,10.945,35.417
1403,11.071,35.039
1404,11.009,35.062
1405,10.974,34.702
1406,11.005,34.870
1407,10.901,34.975
1408,10.960,34.733
1409,11.171,34.877
1410,10.795,34.154
1411,10.881,34.412
1412,10.966,34.455
1413,10.862,34.017
1414,10.958,34.261
1415,10.747,34.352
1416,11.714,34.623
1417,10.922,34.792
1418,10.820,35.726
1419,10.880,35.466
1420,10.993,35.235
1421,10.816,34.165
1422,10.783,34.552
1423,10.939,34.685
1424,11.121,35.296
1425,11.066,34.357
1426,10.695,34.204
1427,11.165,35.200
1428,10.961,34.254
1429,10.751,34.844
1430,11.649,35.564
1431,11.141,36.686
1432,11.129,35.178
1433,11.240,36.536
1434,11.133,35.571
1435,11.133,35.317
1436,11.014,35.313
1437,11.165,35.563
1438,11.079,35.651
1439,11.427,36.459
1440,11.635,36.364
1441,11.334,308.303
1442,11.293,36.199
1443,11.185,36.430
1444,11.541,36.330
1445,11.256,36.795
1446,11.677,36.442
1447,11.357,36.564
1448,11.450,37.233
1449,11.596,37.583
1450,12.098,37.552
1451,11.503,37.097
1452,11.391,36.531
1453,11.418,36.573
1454,11.297,36.718
1455,11.239,36.525
1456,11.248,36.137
1457,11.513,36.384
1458,11.479,43.125
1459,11.262,36.190
1460,11.468,36.187
1461,11.326,36.153
1462,11.132,36.349
1463,11.359,35.998
1464,11.221,35.741
1465,11.267,36.181
1466,11.564,36.164
1467,11.217,36.182
1468,11.261,35.869
1469,11.232,35.376
1470,12.032,35.937
1471,11.109,35.189
1472,10.985,35.863
1473,10.875,35.333
1474,11.038,35.236
1475,11.125,35.707
1476,12.367,40.345
1477,11.062,36.250
1478,10.559,35.974
1479,10.775,35.490
1480,10.456,35.031
1481,10.392,35.096
1482,10.478,35.056
1483,10.585,35.337
1484,10.869,35.905
1485,11.509,42.574
1486,11.085,36.652
1487,11.295,35.990
1488,11.091,35.475
1489,11.011,35.924
1490,11.243,35.390
1491,10.990,36.000
1492,11.033,35.849
1493,11.053,36.355
1494,11.060,35.505
1495,10.979,35.278
1496,10.984,35.784
1497,11.002,35.499
1498,11.032,35.336
1499,10.863,35.128
1500,10.858,35.062
1501,10.850,308.745
1502,11.086,35.011
1503,10.838,34.968
1504,10.868,34.977
1505,10.855,35.076
1506,11.061,40.818
1507,10.859,35.447
1508,10.942,36.056
1509,11.064,34.929
1510,10.734,34.995
1511,10.786,34.915
1512,10.770,35.141
1513,10.900,35.029
1514,11.161,36.053
1515,10.705,34.470
1516,11.254,34.996
1517,10.814,34.489
1518,10.598,34.285
1519,10.823,34.454
1520,10.893,34.964
1521,10.693,34.564
1522,10.747,34.220
1523,13.168,37.184
1524,11.455,34.501
1525,10.871,36.671
1526,10.778,34.683
1527,11.047,34.682
1528,10.871,34.271
1529,10.699,35.818
1530,10.861,34.159
1531,10.684,34.731
1532,10.948,34.977
1533,10.684,34.134
1534,10.711,34.493
1535,10.882,34.396
1536,10.781,34.617
1537,10.876,34.270
1538,10.770,34.249
1539,10.741,34.149
1540,10.944,34.288
1541,11.127,35.466
1542,10.842,34.581
1543,10.863,33.975
1544,10.617,34.331
1545,10.769,34.183
1546,10.723,34.244
1547,10.780,34.498
1548,10.755,34.502
1549,10.821,35.125
1550,10.861,35.951
1551,11.035,34.662
1552,10.915,36.283
1553,10.934,34.850
1554,10.854,34.441
1555,10.901,34.352
1556,10.978,34.344
1557,11.019,34.822
1558,11.012,35.822
1559,11.241,35.447
1560,11.281,35.445
1561,11.353,289.182
1562,11.154,35.772
1563,10.993,41.563
1564,11.281,36.433
1565,11.160,36.027
1566,11.082,35.390
1567,11.117,34.975
1568,11.038,35.017
1569,10.944,35.502
1570,11.071,34.454
1571,10.981,34.475
1572,11.312,40.700
1573,11.057,34.973
1574,11.132,34.657
1575,10.881,34.234
1576,10.836,34.760
1577,11.006,34.431
1578,10.912,34.324
1579,10.997,34.201
1580,10.914,34.509
1581,11.098,34.691
1582,11.151,34.839
1583,10.962,34.320
1584,10.812,34.343
1585,11.049,34.330
1586,11.050,34.663
1587,11.058,34.687
1588,11.105,34.757
1589,10.929,34.737
1590,11.093,37.760
1591,11.468,34.804
1592,11.168,35.029
1593,11.125,34.892
1594,11.067,34.793
1595,11.080,34.756
1596,11.025,34.875
1597,11.082,35.129
1598,11.097,34.866
1599,11.340,41.809
1600,11.209,34.835
1601,11.159,34.953
1602,10.828,34.569
1603,10.886,34.615
1604,11.018,34.465
1605,10.783,34.402
1606,10.784,34.195
1607,11.040,34.714
1608,11.092,35.028
1609,10.765,34.953
1610,10.740,34.313
1611,10.793,34.411
1612,11.144,34.793
1613,10.839,34.470
1614,10.854,34.916
1615,11.030,34.950
1616,11.047,35.776
1617,10.958,34.837
1618,11.042,35.188
1619,10.932,35.382
1620,10.963,35.242
1621,10.924,309.858
1622,11.061,35.486
1623,11.019,35.218
1624,10.835,35.655
1625,10.946,35.197
1626,11.047,35.571
1627,11.005,35.328
1628,11.072,35.462
1629,11.274,35.444
1630,11.547,42.691
1631,12.254,35.947
1632,11.257,35.985
1633,11.157,35.742
1634,10.922,35.715
1635,10.938,35.067
1636,11.023,35.408
1637,11.057,35.293
1638,11.025,35.947
1639,11.347,37.284
1640,11.251,34.812
1641,10.975,35.052
1642,11.160,36.649
1643,11.186,36.474
1644,10.982,36.206
1645,10.758,36.211
1646,11.035,35.801
1647,10.792,34.595
1648,10.805,35.263
1649,11.059,34.548
1650,10.978,34.702
1651,10.785,34.302
1652,10.815,34.420
1653,10.655,34.000
1654,10.927,34.256
1655,10.612,33.877
1656,10.861,39.637
1657,10.997,34.386
1658,11.030,34.360
1659,10.709,33.813
1660,10.677,34.134
1661,10.716,34.325
1662,10.830,34.521
1663,10.747,34.537
1664,10.913,34.781
1665,10.771,35.252
1666,11.264,35.740
1667,10.992,35.069
1668,10.937,35.250
1669,11.513,35.546
1670,11.026,35.613
1671,11.036,35.319
1672,10.958,35.662
1673,11.191,35.939
1674,11.094,35.807
1675,13.551,37.221
1676,11.090,35.600
1677,15.157,44.334
1678,11.464,35.530
1679,11.399,36.205
1680,11.189,36.733
1681,10.623,312.659
1682,10.894,36.103
1683,10.745,35.945
1684,10.719,35.898
1685,11.041,36.401
1686,11.064,40.273
1687,10.956,36.211
1688,10.924,36.078
1689,10.893,36.226
1690,11.068,35.920
1691,11.102,37.511
1692,10.914,35.965
1693,11.029,36.013
1694,10.940,37.001
1695,11.337,37.871
1696,10.954,36.512
1697,10.839,36.251
1698,11.137,36.422
1699,11.262,36.690
1700,11.196,36.007
1701,11.003,37.054
1702,11.093,36.172
1703,11.098,36.502
1704,13.382,36.006
1705,11.158,35.690
1706,11.143,36.340
1707,11.175,36.047
1708,11.184,35.708
1709,11.285,35.926
1710,11.096,37.017
1711,11.168,38.161
1712,11.024,36.814
1713,11.386,36.828
1714,11.282,36.399
1715,11.373,36.222
1716,11.332,36.254
1717,11.322,36.512
1718,11.416,36.311
1719,11.087,36.040
1720,11.634,38.437
1721,11.584,35.803
1722,11.233,35.409
1723,11.141,35.738
1724,11.096,35.562
1725,11.112,35.973
1726,11.044,35.364
1727,10.990,35.096
1728,10.910,35.153
1729,11.511,35.357
1730,11.002,35.097
1731,10.986,35.024
1732,11.198,35.476
1733,11.083,35.842
1734,10.988,36.515
1735,11.133,35.786
1736,11.154,35.368
1737,11.247,36.454
1738,11.332,35.507
1739,11.212,35.192
1740,11.259,35.245
1741,11.645,303.767
1742,11.258,35.834
1743,11.023,35.518
1744,11.039,35.417
1745,11.112,35.344
1746,11.033,35.464
1747,11.121,35.539
1748,11.005,35.531
1749,11.056,35.640
1750,10.998,35.912
1751,11.194,35.923
1752,11.650,35.512
1753,11.523,35.953
1754,11.380,35.863
1755,11.121,36.400
1756,11.174,35.778
1757,11.212,36.077
1758,11.093,35.996
1759,11.628,44.319
1760,11.107,35.595
1761,10.619,36.166
1762,10.855,35.938
1763,10.696,36.420
1764,10.750,36.201
1765,10.609,36.111
1766,10.677,35.808
1767,10.665,36.041
1768,11.017,44.445
1769,10.796,35.974
1770,10.943,35.609
1771,10.590,35.568
1772,10.648,35.409
1773,10.682,35.188
1774,11.209,35.655
1775,10.980,35.087
1776,11.095,36.439
1777,10.790,34.729
1778,10.870,34.727
1779,10.662,34.393
1780,10.929,34.991
1781,10.742,34.246
1782,10.772,34.555
1783,10.762,34.636
1784,10.736,34.651
1785,11.011,38.055
1786,11.091,35.871
1787,10.939,35.544
1788,10.897,35.489
1789,11.062,35.960
1790,10.963,35.469
1791,10.951,35.396
1792,11.151,35.754
1793,11.141,35.661
1794,11.308,36.593
1795,11.329,37.208
1796,11.140,35.861
1797,11.217,36.002
1798,11.240,35.447
1799,11.051,35.757
1800,12.838,39.709
1801,11.084,308.474
1802,11.059,35.539
1803,11.031,37.334
1804,10.959,37.053
1805,11.099,36.262
1806,11.135,43.495
1807,11.193,36.277
1808,11.376,36.324
1809,11.319,36.919
1810,11.413,36.603
1811,11.286,36.152
1812,11.220,36.079
1813,11.438,36.069
1814,11.195,36.795
1815,11.995,35.942
1816,11.268,36.693
1817,11.322,35.914
1818,11.325,36.333
1819,11.177,35.368
1820,11.020,36.154
1821,11.004,35.223
1822,11.053,36.313
1823,11.108,36.215
1824,11.139,35.764
1825,11.193,35.932
1826,11.374,35.615
1827,11.396,35.853
1828,11.345,35.572
1829,11.130,35.669
1830,11.073,35.475
1831,11.125,37.530
1832,11.090,36.571
1833,12.114,36.739
1834,11.259,35.508
1835,11.230,35.877
1836,11.073,36.189
1837,11.185,36.030
1838,11.263,36.775
1839,11.365,36.005
1840,11.742,37.051
1841,10.752,35.497
1842,10.645,36.122
1843,10.689,35.233
1844,10.727,35.585
1845,10.639,35.178
1846,10.853,35.632
1847,10.861,35.429
1848,10.770,35.234
1849,10.775,36.044
1850,10.936,35.420
1851,10.791,35.325
1852,10.754,35.204
1853,10.775,34.905
1854,10.572,34.974
1855,10.538,35.905
1856,10.683,34.790
1857,10.628,35.035
1858,11.190,35.983
1859,11.167,35.396
1860,11.271,34.851
1861,10.753,308.353
1862,10.681,35.320
1863,11.127,36.052
1864,10.843,35.117
1865,10.755,35.340
1866,10.679,35.324
1867,10.672,35.369
1868,10.684,35.197
1869,10.748,35.280
1870,10.660,35.659
1871,10.905,35.456
1872,11.098,36.147
1873,11.345,35.405
1874,10.757,35.395
1875,10.717,35.661
1876,10.737,35.419
1877,10.617,35.540
1878,10.710,35.527
1879,10.836,35.456
1880,10.768,36.269
1881,10.851,38.081
1882,11.109,35.589
1883,10.873,35.368
1884,10.756,35.467
1885,10.757,35.694
1886,10.759,35.307
1887,10.743,35.318
1888,10.700,35.233
1889,10.674,35.245
1890,10.688,36.227
1891,10.770,35.723
1892,10.645,35.046
1893,10.768,35.207
1894,10.777,35.266
1895,10.782,36.565
1896,11.681,35.420
1897,10.774,35.496
1898,10.707,35.686
1899,11.411,35.781
1900,10.942,35.914
1901,10.924,35.812
1902,10.870,35.452
1903,10.732,35.221
1904,10.800,35.521
1905,10.965,35.634
1906,10.882,35.464
1907,11.188,35.676
1908,11.829,36.321
1909,10.995,35.521
1910,10.825,35.428
1911,10.875,35.371
1912,11.116,35.667
1913,10.857,34.889
1914,10.742,34.639
1915,10.663,34.732
1916,10.846,35.538
1917,10.964,39.025
1918,10.609,35.051
1919,10.793,34.932
1920,10.713,35.042
1921,10.596,309.829
1922,10.848,35.556
1923,10.900,35.397
1924,10.732,35.390
1925,10.755,35.346
1926,10.691,35.742
1927,10.871,35.721
1928,10.868,35.735
1929,10.760,46.453
1930,10.962,35.408
1931,10.697,35.847
1932,11.113,35.422
1933,10.776,35.483
1934,10.866,35.463
1935,10.910,36.294
1936,10.834,36.466
1937,10.886,37.267
1938,10.870,36.465
1939,10.902,36.154
1940,10.849,36.139
1941,10.943,35.708
1942,10.939,35.975
1943,10.953,35.584
1944,10.785,35.893
1945,10.969,35.723
1946,11.069,36.396
1947,16.014,38.375
1948,11.232,36.779
1949,11.248,36.729
1950,11.347,37.065
1951,11.435,37.406
1952,11.252,37.074
1953,11.125,37.004
1954,11.199,37.784
1955,11.303,37.817
1956,11.383,38.870
1957,11.429,37.250
1958,11.286,37.146
1959,11.292,39.314
1960,11.421,36.906
1961,11.719,36.931
1962,11.237,37.190
1963,11.383,38.198
1964,10.855,37.404
1965,10.256,36.624
1966,10.561,36.859
1967,10.253,36.045
1968,9.926,35.332
1969,10.048,35.458
1970,10.255,35.465
1971,10.543,35.701
1972,10.994,37.869
1973,10.429,40.053
1974,15.876,36.632
1975,10.754,36.366
1976,11.055,36.761
1977,10.981,37.087
1978,10.875,37.003
1979,11.187,37.168
1980,11.364,36.895
1981,11.204,301.157
1982,11.665,37.092
1983,11.235,36.575
1984,11.758,39.130
1985,11.589,37.102
1986,11.251,36.861
1987,11.393,37.300
1988,11.353,36.682
1989,11.735,37.014
1990,11.313,37.712
1991,11.451,37.041
1992,11.322,37.244
1993,11.668,41.017
1994,11.370,37.115
1995,11.226,37.556
1996,11.313,38.277
1997,17.943,39.668
1998,11.296,36.668
1999,11.220,36.538
2000,11.004,36.213
2001,10.777,42.122
2002,10.652,36.320
2003,10.623,35.574
2004,10.557,35.460
2005,10.630,35.455
2006,10.513,35.350
2007,11.009,35.170
2008,10.621,35.011
2009,10.504,35.770
2010,10.597,36.649
2011,11.005,35.845
2012,10.872,35.391
2013,10.722,35.359
2014,10.571,35.879
2015,10.636,35.298
2016,10.572,35.228
2017,10.532,35.164
2018,10.807,35.252
2019,10.674,35.304
2020,10.973,42.937
2021,10.924,36.582
2022,10.687,37.656
2023,12.169,40.894
2024,11.172,38.909
2025,11.214,38.897
2026,12.226,44.148
2027,11.487,51.089
2028,12.061,39.017
2029,11.021,36.862
2030,12.047,37.719
2031,10.887,36.158
2032,10.925,35.998
2033,11.346,37.201
2034,11.394,37.669
2035,11.230,37.134
2036,11.130,35.808
2037,11.147,36.129
2038,11.798,36.175
2039,11.055,35.628
2040,10.967,37.101
2041,11.077,321.287
2042,11.061,36.184
2043,11.023,35.857
2044,11.055,36.423
2045,11.154,35.968
2046,11.161,36.288
2047,11.058,37.316
2048,11.276,35.954
2049,11.068,35.875
2050,11.072,36.044
2051,10.886,37.000
2052,10.944,37.025
2053,11.421,36.827
2054,11.061,36.020
2055,10.995,36.400
2056,11.198,36.781
2057,11.367,38.166
2058,11.088,36.049
2059,11.117,35.682
2060,11.103,35.516
2061,11.152,35.643
2062,10.993,35.715
2063,11.077,35.513
2064,11.235,35.887
2065,11.657,43.558
2066,11.480,35.415
2067,11.224,35.719
2068,11.515,36.017
2069,11.197,46.176
2070,11.233,35.835
2071,11.058,39.248
2072,11.170,35.654
2073,17.342,48.793
2074,11.081,35.597
2075,11.612,41.499
2076,11.120,36.042
2077,10.916,36.133
2078,11.210,35.646
2079,10.977,35.393
2080,11.407,43.161
2081,10.757,35.993
2082,10.916,35.389
2083,10.934,36.003
2084,10.934,35.553
2085,10.920,35.968
2086,11.089,35.646
2087,10.982,35.721
2088,10.934,35.721
2089,11.368,44.108
2090,10.892,36.121
2091,10.900,35.513
2092,10.997,35.840
2093,10.901,35.563
2094,10.893,35.666
2095,10.836,35.547
2096,10.861,35.480
2097,10.835,35.515
2098,11.263,37.055
2099,10.938,35.554
2100,10.960,35.526
2101,10.989,312.600
2102,11.411,35.668
2103,11.008,35.240
2104,10.897,35.346
2105,10.868,35.290
2106,11.515,35.096
2107,10.795,35.530
2108,10.928,35.374
2109,10.816,37.478
2110,10.844,35.477
2111,13.392,36.196
2112,10.951,35.529
2113,13.839,47.520
2114,10.832,36.238
2115,10.977,35.241
2116,11.065,36.417
2117,10.999,35.601
2118,11.281,35.444
2119,11.360,36.122
2120,11.168,35.255
2121,10.723,35.173
2122,11.571,35.593
2123,11.081,35.399
2124,10.969,35.495
2125,12.450,36.318
2126,10.854,35.074
2127,10.808,35.639
2128,10.956,35.910
2129,11.058,35.048
2130,11.034,35.411
2131,11.311,36.383
2132,10.949,34.903
2133,10.936,35.279
2134,10.875,35.002
2135,10.915,35.100
2136,10.880,35.604
2137,11.072,38.844
2138,10.995,35.366
2139,10.903,36.476
2140,11.100,35.111
2141,10.879,35.503
2142,10.937,35.295
2143,10.969,35.510
2144,10.795,35.849
2145,10.915,36.212
2146,10.967,36.742
2147,11.203,36.625
2148,11.111,36.597
2149,11.171,36.315
2150,11.265,36.294
2151,11.199,35.598
2152,11.156,36.734
2153,13.347,36.864
2154,11.210,35.585
2155,11.142,36.240
2156,11.280,36.059
2157,11.311,35.782
2158,11.240,36.231
2159,12.146,35.739
2160,11.297,45.437
2161,10.928,320.309
2162,11.025,35.762
2163,11.174,35.920
2164,11.228,36.907
2165,11.457,36.692
2166,10.976,35.387
2167,11.064,35.543
2168,11.488,35.752
2169,11.118,36.138
2170,11.200,35.609
2171,11.184,35.887
2172,11.090,35.943
2173,11.147,35.980
2174,11.312,35.981
2175,11.152,35.634
2176,11.149,35.979
2177,11.087,35.706
2178,11.160,35.535
2179,11.065,35.638
2180,11.088,35.585
2181,11.107,35.521
2182,11.202,35.858
2183,11.107,36.083
2184,10.960,35.571
2185,11.012,35.590
2186,10.975,35.416
2187,10.970,35.986
2188,11.091,35.455
2189,11.047,35.448
2190,10.946,35.245
2191,10.998,35.655
2192,12.704,39.545
2193,10.982,35.332
2194,11.057,35.741
2195,11.062,35.324
2196,11.023,35.222
2197,11.134,35.506
2198,11.039,37.193
2199,11.009,35.382
2200,11.053,35.966
2201,11.188,35.722
2202,11.003,35.509
2203,11.077,35.691
2204,11.012,35.465
2205,11.191,35.580
2206,11.162,35.447
2207,10.968,35.625
2208,11.000,35.352
2209,11.039,35.471
2210,10.999,35.683
2211,11.011,35.239
2212,11.070,35.272
2213,10.918,35.311
2214,11.034,35.170
2215,10.793,35.215
2216,10.913,35.062
2217,10.841,34.991
2218,10.835,35.052
2219,10.838,35.160
2220,10.945,34.937
2221,10.838,296.738
2222,10.834,35.137
2223,10.917,35.233
2224,10.840,35.419
2225,10.919,35.378
2226,10.851,35.672
2227,10.879,35.801
2228,10.766,35.898
2229,10.831,35.411
2230,10.778,34.940
2231,10.745,35.752
2232,10.674,35.335
2233,10.771,35.569
2234,10.955,35.617
2235,10.755,35.448
2236,10.954,36.061
2237,14.709,40.164
2238,12.104,36.764
2239,10.677,34.745
2240,10.958,37.028
2241,10.568,35.636
2242,10.912,36.806
2243,10.931,36.288
2244,10.993,36.500
2245,10.975,37.053
2246,11.492,36.589
2247,11.194,35.611
2248,10.995,35.329
2249,10.920,35.299
2250,11.169,35.522
2251,10.755,35.592
2252,10.745,35.621
2253,10.346,35.391
2254,10.640,35.345
2255,10.296,35.184
2256,10.464,34.701
2257,10.518,35.512
2258,10.512,34.678
2259,10.558,34.649
2260,10.740,34.762
2261,10.625,34.783
2262,11.144,34.204
2263,11.297,34.620
2264,10.858,34.040
2265,10.688,34.438
2266,10.793,34.448
2267,10.658,33.902
2268,10.874,33.786
2269,10.648,33.718
2270,10.741,34.182
2271,10.815,34.072
2272,10.644,33.715
2273,10.709,33.752
2274,10.863,33.910
2275,10.771,33.769
2276,10.667,34.094
2277,10.905,34.146
2278,11.100,34.307
2279,10.903,39.914
2280,11.139,35.572
2281,10.999,287.174
2282,11.081,35.262
2283,11.067,35.342
2284,11.205,35.797
2285,10.995,34.795
2286,11.004,34.694
2287,11.169,34.857
2288,11.002,34.519
2289,11.290,34.746
2290,11.122,34.898
2291,11.232,34.797
2292,11.007,34.392
2293,11.118,35.239
2294,11.244,35.380
2295,11.087,35.199
2296,11.097,34.898
2297,10.999,34.536
2298,11.040,34.995
2299,10.946,34.827
2300,11.008,34.713
2301,10.912,35.261
2302,10.961,35.019
2303,11.080,40.204
2304,10.959,35.857
2305,10.888,34.435
2306,10.914,34.991
2307,10.866,34.547
2308,10.913,34.699
2309,10.865,34.755
2310,11.013,34.832
2311,11.013,35.436
2312,11.095,35.272
2313,11.060,35.314
2314,11.111,35.108
2315,11.079,35.193
2316,11.278,35.214
2317,11.072,35.257
2318,11.133,35.333
2319,11.496,35.260
2320,11.081,35.808
2321,10.753,46.000
2322,10.773,36.033
2323,10.830,36.247
2324,10.713,35.210
2325,10.774,35.945
2326,10.723,35.215
2327,11.790,36.452
2328,11.024,35.025
2329,10.825,35.406
2330,11.405,34.999
2331,10.793,34.913
2332,10.927,34.911
2333,10.877,34.944
2334,10.926,34.610
2335,10.804,34.479
2336,10.766,34.413
2337,10.738,34.230
2338,10.644,34.413
2339,10.610,34.579
2340,10.696,34.396
2341,10.717,304.018
2342,10.879,34.629
2343,10.964,35.620
2344,10.752,35.987
2345,10.863,35.508
2346,10.888,35.599
2347,10.907,35.760
2348,10.719,35.729
2349,10.806,34.892
2350,10.766,34.339
2351,10.706,34.475
2352,10.842,40.049
2353,11.039,35.236
2354,10.938,34.876
2355,10.804,34.907
2356,11.257,35.133
2357,10.987,35.012
2358,10.933,35.357
2359,10.952,35.409
2360,11.018,36.805
2361,10.908,36.976
2362,11.093,37.742
2363,11.307,36.533
2364,11.263,36.394
2365,11.263,36.525
2366,11.114,36.427
2367,11.343,36.804
2368,11.224,35.512
2369,11.215,36.221
2370,11.188,36.690
2371,11.056,36.730
2372,11.010,36.395
2373,10.851,36.122
2374,11.205,35.426
2375,11.163,35.659
2376,11.058,35.669
2377,10.972,35.722
2378,11.199,35.417
2379,10.893,35.508
2380,14.167,37.038
2381,11.073,35.554
2382,11.005,36.019
2383,11.195,35.752
2384,11.018,35.502
2385,11.110,35.921
2386,11.115,35.561
2387,11.040,35.604
2388,11.070,35.567
2389,11.448,36.789
2390,10.983,35.349
2391,11.077,35.351
2392,11.100,35.169
2393,11.085,35.517
2394,11.016,35.191
2395,10.877,35.197
2396,11.022,35.121
2397,10.943,43.007
2398,11.354,35.489
2399,11.137,35.427
2400,11.056,35.123
2401,10.621,293.665
2402,10.527,35.292
2403,10.958,35.885
2404,10.726,35.402
2405,11.353,35.555
2406,10.634,39.499
2407,18.157,37.924
2408,10.834,35.391
2409,10.812,35.695
2410,10.823,35.435
2411,10.979,35.939
2412,10.777,35.610
2413,10.729,35.778
2414,10.806,35.667
2415,10.747,35.561
2416,10.696,35.762
2417,10.804,35.396
2418,10.808,35.413
2419,10.717,35.550
2420,10.779,35.689
2421,10.849,36.230
2422,10.887,35.909
2423,10.866,35.894
2424,11.151,36.084
2425,10.871,35.743
2426,10.780,35.885
2427,10.816,35.695
2428,10.640,35.684
2429,10.867,35.846
2430,11.564,37.481
2431,10.901,36.095
2432,10.966,36.162
2433,11.402,36.153
2434,11.044,36.370
2435,11.063,36.452
2436,11.145,36.639
2437,11.551,36.926
2438,11.278,37.173
2439,11.575,36.728
2440,11.236,36.826
2441,11.223,36.912
2442,11.228,37.186
2443,11.273,36.859
2444,11.208,36.905
2445,11.378,37.470
2446,11.478,37.676
2447,11.274,37.275
2448,11.252,37.549
2449,11.308,37.006
2450,11.169,37.332
2451,10.983,36.972
2452,10.894,37.473
2453,10.501,35.958
2454,10.241,35.729
2455,10.328,35.695
2456,10.498,36.169
2457,10.279,36.320
2458,10.472,36.026
2459,10.532,36.026
2460,10.559,35.712
2461,10.710,418.730
2462,10.712,35.551
2463,10.813,35.294
2464,10.743,35.474
2465,10.678,35.744
2466,10.699,35.606
2467,10.628,36.079
2468,10.770,39.554
2469,11.142,36.295
2470,10.680,38.239
2471,10.994,36.512
2472,11.044,36.867
2473,11.325,36.962
2474,11.152,36.843
2475,11.330,37.807
2476,11.135,37.358
2477,11.132,40.865
2478,11.327,37.446
2479,11.266,36.955
2480,11.271,37.932
2481,11.109,36.683
2482,11.251,36.540
2483,11.153,36.653
2484,11.148,36.406
2485,11.339,36.960
2486,11.192,36.920
2487,11.963,36.636
2488,11.314,36.648
2489,11.132,36.418
2490,11.293,36.315
2491,11.146,35.935
2492,11.122,35.692
2493,11.106,35.985
2494,11.047,41.159
2495,11.151,36.062
2496,11.148,35.685
2497,11.128,35.694
2498,11.210,35.982
2499,11.152,35.926
2500,11.034,36.015
2501,11.239,35.573
2502,11.224,35.794
2503,11.266,36.403
2504,11.431,36.233
2505,11.494,35.923
2506,11.291,35.699
2507,11.218,35.575
2508,11.104,35.265
2509,11.062,35.473
2510,11.055,35.088
2511,11.095,35.807
2512,11.154,37.061
2513,11.243,34.979
2514,10.947,35.098
2515,11.087,35.331
2516,11.108,35.677
2517,11.157,35.445
2518,11.030,35.701
2519,11.143,35.518
2520,11.238,36.099
2521,11.099,315.248
2522,11.164,35.486
2523,11.037,35.324
2524,11.124,35.760
2525,10.996,36.564
2526,11.394,39.596
2527,11.176,36.726
2528,11.015,35.659
2529,11.344,35.973
2530,11.699,36.570
2531,11.247,36.521
2532,11.208,35.821
2533,11.209,35.922
2534,11.365,36.538
2535,11.753,35.882
2536,11.445,35.533
2537,11.307,35.513
2538,11.069,35.786
2539,11.152,35.358
2540,11.252,35.171
2541,11.133,35.691
2542,11.085,35.766
2543,11.090,36.978
2544,12.119,45.528
2545,12.656,40.991
2546,11.401,36.231
2547,12.642,35.780
2548,11.304,36.648
2549,11.852,36.380
2550,11.236,36.033
2551,11.312,42.847
2552,11.658,36.767
2553,11.271,36.017
2554,11.370,37.698
2555,13.220,46.422
2556,11.483,36.379
2557,11.257,35.905
2558,11.496,36.666
2559,11.150,36.116
2560,11.413,36.499
2561,10.645,36.370
2562,10.759,35.733
2563,10.816,35.458
2564,10.805,35.675
2565,10.814,35.989
2566,10.872,35.501
2567,10.812,35.956
2568,11.052,38.263
2569,11.034,36.947
2570,11.180,37.325
2571,11.132,36.478
2572,11.851,37.979
2573,11.152,36.203
2574,11.191,36.481
2575,11.392,37.369
2576,11.975,38.189
2577,11.171,36.103
2578,11.225,35.774
2579,11.205,38.811
2580,11.791,37.403
2581,11.355,316.588
2582,11.463,51.907
2583,11.447,36.525
2584,11.622,36.614
2585,11.285,35.865
2586,11.550,38.028
2587,11.389,36.366
2588,11.197,36.167
2589,11.164,35.470
2590,11.234,35.866
2591,14.452,42.002
2592,12.106,40.421
2593,17.305,38.882
2594,10.980,35.406
2595,11.103,38.224
2596,13.038,36.589
2597,12.316,35.312
2598,17.001,53.168
2599,10.979,36.230
2600,11.018,35.305
2601,10.831,35.174
2602,10.979,35.354
2603,11.050,34.942
2604,10.919,35.020
2605,10.928,34.905
2606,12.677,37.743
2607,11.151,38.265
2608,13.198,42.172
2609,11.055,35.155
2610,14.795,35.141
2611,11.158,44.482
2612,11.490,39.903
2613,11.661,38.892
2614,10.922,39.573
2615,16.702,43.422
2616,10.916,35.067
2617,11.127,35.428
2618,11.024,39.426
2619,12.795,45.340
2620,11.162,45.997
2621,12.147,36.418
2622,14.715,42.332
2623,11.160,35.872
2624,12.337,40.252
2625,11.043,35.133
2626,11.004,35.302
2627,12.481,47.326
2628,10.990,50.944
2629,16.807,48.155
2630,12.460,45.810
2631,11.118,42.231
2632,10.964,35.175
2633,11.127,35.423
2634,11.009,35.700
2635,12.676,43.014
2636,11.126,41.552
2637,12.704,42.660
2638,12.568,40.260
2639,11.174,39.236
2640,17.470,43.716
2641,12.264,338.642
2642,11.001,44.348
2643,10.969,40.538
2644,10.906,35.734
2645,12.958,41.464
2646,12.564,45.818
2647,10.949,35.558
2648,11.023,35.567
2649,10.971,50.836
2650,10.893,35.632
2651,11.013,36.668
2652,10.978,37.285
2653,11.073,35.653
2654,11.022,36.462
2655,17.984,42.640
2656,12.351,40.409
2657,11.106,35.551
2658,10.945,35.507
2659,11.170,35.938
2660,16.720,37.714
2661,11.235,35.835
2662,10.988,40.647
2663,12.540,44.850
2664,12.464,38.604
2665,11.293,44.542
2666,12.415,36.710
2667,11.411,35.913
2668,11.152,45.265
2669,13.407,47.528
2670,11.108,42.139
2671,11.297,37.574
2672,12.421,42.510
2673,11.293,36.289
2674,11.122,51.439
2675,11.091,51.509
2676,11.110,51.014
2677,16.802,40.212
2678,11.042,35.630
2679,11.164,35.869
2680,11.185,42.664
2681,11.892,40.295
2682,11.110,35.789
2683,11.229,35.569
2684,11.041,35.581
2685,11.018,35.538
2686,11.048,35.699
2687,16.800,40.675
2688,11.116,38.691
2689,10.996,35.483
2690,11.075,35.445
2691,11.100,36.097
2692,11.000,35.279
2693,11.058,35.290
2694,17.081,46.013
2695,11.172,35.632
2696,11.245,38.178
2697,11.088,37.988
2698,11.181,35.764
2699,11.165,35.924
2700,15.687,44.731
